,precision,recall,f1-score,support
0,0.8703703703703703,0.8980891719745223,0.8840125391849529,157.0
1,0.8518518518518519,0.8141592920353983,0.832579185520362,113.0
accuracy,0.8629629629629629,0.8629629629629629,0.8629629629629629,0.8629629629629629
macro avg,0.8611111111111112,0.8561242320049602,0.8582958623526575,270.0
weighted avg,0.8626200274348423,0.8629629629629629,0.8624867282068093,270.0
